"dpto","anio","semana","fecha_sem","casos","grupo_edad","evento"
"01",2023,12,2023-03-19,1,NA,"Chikungunya"
"01",2024,21,2024-05-20,1,NA,"Chikungunya"
"01",2025,43,2025-10-22,2,NA,"Chikungunya"
"01",2025,45,2025-11-05,1,NA,"Chikungunya"
"01",2025,46,2025-11-12,1,NA,"Chikungunya"
"05",2020,14,2020-04-01,1,NA,"Chikungunya"
"05",2020,18,2020-04-29,1,NA,"Chikungunya"
"05",2020,34,2020-08-19,1,NA,"Chikungunya"
"05",2020,45,2020-11-04,1,NA,"Chikungunya"
"05",2020,52,2020-12-23,1,NA,"Chikungunya"
"05",2021,32,2021-08-06,1,NA,"Chikungunya"
"05",2021,35,2021-08-27,1,NA,"Chikungunya"
"05",2021,49,2021-12-03,1,NA,"Chikungunya"
"05",2022,15,2022-04-09,1,NA,"Chikungunya"
"05",2022,16,2022-04-16,1,NA,"Chikungunya"
"05",2022,38,2022-09-17,1,NA,"Chikungunya"
"05",2022,40,2022-10-01,1,NA,"Chikungunya"
"05",2022,50,2022-12-10,1,NA,"Chikungunya"
"05",2023,37,2023-09-10,1,NA,"Chikungunya"
"05",2023,42,2023-10-15,1,NA,"Chikungunya"
"05",2023,43,2023-10-22,1,NA,"Chikungunya"
"05",2023,45,2023-11-05,1,NA,"Chikungunya"
"05",2023,51,2023-12-17,1,NA,"Chikungunya"
"05",2024,1,2024-01-01,1,NA,"Chikungunya"
"05",2024,2,2024-01-08,1,NA,"Chikungunya"
"05",2024,23,2024-06-03,1,NA,"Chikungunya"
"05",2024,44,2024-10-28,1,NA,"Chikungunya"
"05",2025,8,2025-02-19,1,NA,"Chikungunya"
"05",2025,21,2025-05-21,1,NA,"Chikungunya"
"05",2025,48,2025-11-26,1,NA,"Chikungunya"
"08",2020,2,2020-01-08,1,NA,"Chikungunya"
"08",2021,31,2021-07-30,1,NA,"Chikungunya"
"08",2021,48,2021-11-26,1,NA,"Chikungunya"
"08",2022,30,2022-07-23,1,NA,"Chikungunya"
"08",2022,35,2022-08-27,2,NA,"Chikungunya"
"08",2022,40,2022-10-01,1,NA,"Chikungunya"
"08",2025,48,2025-11-26,1,NA,"Chikungunya"
"11",2020,4,2020-01-22,1,NA,"Chikungunya"
"11",2020,53,2020-12-30,1,NA,"Chikungunya"
"13",2020,1,2020-01-01,1,NA,"Chikungunya"
"13",2020,2,2020-01-08,2,NA,"Chikungunya"
"13",2020,24,2020-06-10,1,NA,"Chikungunya"
"13",2020,52,2020-12-23,1,NA,"Chikungunya"
"13",2021,30,2021-07-23,1,NA,"Chikungunya"
"13",2021,35,2021-08-27,1,NA,"Chikungunya"
"13",2021,49,2021-12-03,1,NA,"Chikungunya"
"13",2021,51,2021-12-17,1,NA,"Chikungunya"
"13",2022,2,2022-01-08,1,NA,"Chikungunya"
"13",2022,33,2022-08-13,1,NA,"Chikungunya"
"13",2022,44,2022-10-29,1,NA,"Chikungunya"
"13",2022,45,2022-11-05,1,NA,"Chikungunya"
"13",2025,46,2025-11-12,1,NA,"Chikungunya"
"15",2020,9,2020-02-26,1,NA,"Chikungunya"
"15",2021,40,2021-10-01,1,NA,"Chikungunya"
"15",2022,48,2022-11-26,1,NA,"Chikungunya"
"15",2023,49,2023-12-03,1,NA,"Chikungunya"
"15",2023,51,2023-12-17,1,NA,"Chikungunya"
"17",2020,1,2020-01-01,1,NA,"Chikungunya"
"17",2020,10,2020-03-04,1,NA,"Chikungunya"
"17",2020,12,2020-03-18,1,NA,"Chikungunya"
"17",2023,39,2023-09-24,1,NA,"Chikungunya"
"18",2020,2,2020-01-08,2,NA,"Chikungunya"
"18",2022,25,2022-06-18,1,NA,"Chikungunya"
"18",2022,28,2022-07-09,1,NA,"Chikungunya"
"19",2020,3,2020-01-15,1,NA,"Chikungunya"
"19",2020,5,2020-01-29,1,NA,"Chikungunya"
"19",2020,6,2020-02-05,1,NA,"Chikungunya"
"19",2021,46,2021-11-12,1,NA,"Chikungunya"
"19",2023,25,2023-06-18,1,NA,"Chikungunya"
"19",2024,16,2024-04-15,1,NA,"Chikungunya"
"19",2024,26,2024-06-24,1,NA,"Chikungunya"
"19",2024,35,2024-08-26,2,NA,"Chikungunya"
"20",2020,2,2020-01-08,1,NA,"Chikungunya"
"23",2022,22,2022-05-28,1,NA,"Chikungunya"
"23",2024,43,2024-10-21,1,NA,"Chikungunya"
"25",2020,1,2020-01-01,3,NA,"Chikungunya"
"25",2020,2,2020-01-08,2,NA,"Chikungunya"
"25",2020,3,2020-01-15,4,NA,"Chikungunya"
"25",2020,4,2020-01-22,4,NA,"Chikungunya"
"25",2020,5,2020-01-29,3,NA,"Chikungunya"
"25",2020,7,2020-02-12,2,NA,"Chikungunya"
"25",2020,8,2020-02-19,1,NA,"Chikungunya"
"25",2020,9,2020-02-26,1,NA,"Chikungunya"
"25",2020,11,2020-03-11,1,NA,"Chikungunya"
"25",2020,17,2020-04-22,1,NA,"Chikungunya"
"25",2020,19,2020-05-06,1,NA,"Chikungunya"
"25",2020,26,2020-06-24,1,NA,"Chikungunya"
"25",2020,31,2020-07-29,1,NA,"Chikungunya"
"25",2020,32,2020-08-05,1,NA,"Chikungunya"
"25",2020,37,2020-09-09,1,NA,"Chikungunya"
"25",2021,8,2021-02-19,1,NA,"Chikungunya"
"25",2021,9,2021-02-26,1,NA,"Chikungunya"
"25",2021,19,2021-05-07,1,NA,"Chikungunya"
"25",2021,48,2021-11-26,1,NA,"Chikungunya"
"25",2021,50,2021-12-10,1,NA,"Chikungunya"
"25",2022,3,2022-01-15,1,NA,"Chikungunya"
"25",2022,12,2022-03-19,1,NA,"Chikungunya"
"25",2022,24,2022-06-11,1,NA,"Chikungunya"
"25",2023,19,2023-05-07,1,NA,"Chikungunya"
"25",2023,24,2023-06-11,1,NA,"Chikungunya"
"25",2023,27,2023-07-02,1,NA,"Chikungunya"
"25",2023,44,2023-10-29,1,NA,"Chikungunya"
"25",2024,28,2024-07-08,1,NA,"Chikungunya"
"25",2024,30,2024-07-22,1,NA,"Chikungunya"
"25",2024,31,2024-07-29,1,NA,"Chikungunya"
"25",2024,48,2024-11-25,1,NA,"Chikungunya"
"25",2024,49,2024-12-02,1,NA,"Chikungunya"
"25",2024,52,2024-12-23,1,NA,"Chikungunya"
"25",2025,13,2025-03-26,1,NA,"Chikungunya"
"25",2025,43,2025-10-22,1,NA,"Chikungunya"
"27",2020,3,2020-01-15,1,NA,"Chikungunya"
"41",2020,2,2020-01-08,1,NA,"Chikungunya"
"41",2020,7,2020-02-12,1,NA,"Chikungunya"
"41",2020,9,2020-02-26,1,NA,"Chikungunya"
"41",2020,13,2020-03-25,1,NA,"Chikungunya"
"44",2020,6,2020-02-05,1,NA,"Chikungunya"
"47",2020,1,2020-01-01,1,NA,"Chikungunya"
"47",2022,3,2022-01-15,1,NA,"Chikungunya"
"47",2023,13,2023-03-26,1,NA,"Chikungunya"
"47",2023,50,2023-12-10,1,NA,"Chikungunya"
"47",2025,45,2025-11-05,1,NA,"Chikungunya"
"50",2020,3,2020-01-15,5,NA,"Chikungunya"
"50",2020,38,2020-09-16,1,NA,"Chikungunya"
"50",2021,29,2021-07-16,1,NA,"Chikungunya"
"50",2021,35,2021-08-27,1,NA,"Chikungunya"
"50",2022,34,2022-08-20,1,NA,"Chikungunya"
"50",2022,39,2022-09-24,1,NA,"Chikungunya"
"50",2024,28,2024-07-08,1,NA,"Chikungunya"
"50",2024,49,2024-12-02,1,NA,"Chikungunya"
"50",2024,50,2024-12-09,1,NA,"Chikungunya"
"50",2025,4,2025-01-22,1,NA,"Chikungunya"
"52",2020,10,2020-03-04,1,NA,"Chikungunya"
"52",2022,23,2022-06-04,2,NA,"Chikungunya"
"54",2020,48,2020-11-25,1,NA,"Chikungunya"
"54",2022,1,2022-01-01,1,NA,"Chikungunya"
"54",2023,16,2023-04-16,1,NA,"Chikungunya"
"54",2023,23,2023-06-04,1,NA,"Chikungunya"
"54",2023,37,2023-09-10,1,NA,"Chikungunya"
"54",2023,43,2023-10-22,5,NA,"Chikungunya"
"54",2023,44,2023-10-29,1,NA,"Chikungunya"
"54",2025,41,2025-10-08,1,NA,"Chikungunya"
"63",2020,4,2020-01-22,1,NA,"Chikungunya"
"63",2020,29,2020-07-15,1,NA,"Chikungunya"
"63",2020,33,2020-08-12,1,NA,"Chikungunya"
"63",2020,34,2020-08-19,1,NA,"Chikungunya"
"63",2020,37,2020-09-09,1,NA,"Chikungunya"
"63",2020,39,2020-09-23,1,NA,"Chikungunya"
"63",2020,48,2020-11-25,1,NA,"Chikungunya"
"63",2022,9,2022-02-26,1,NA,"Chikungunya"
"63",2022,47,2022-11-19,1,NA,"Chikungunya"
"63",2024,26,2024-06-24,3,NA,"Chikungunya"
"66",2020,1,2020-01-01,2,NA,"Chikungunya"
"66",2020,2,2020-01-08,1,NA,"Chikungunya"
"66",2020,3,2020-01-15,2,NA,"Chikungunya"
"66",2020,4,2020-01-22,1,NA,"Chikungunya"
"66",2020,5,2020-01-29,1,NA,"Chikungunya"
"66",2020,7,2020-02-12,1,NA,"Chikungunya"
"66",2020,23,2020-06-03,1,NA,"Chikungunya"
"66",2022,6,2022-02-05,1,NA,"Chikungunya"
"66",2022,34,2022-08-20,1,NA,"Chikungunya"
"66",2024,12,2024-03-18,1,NA,"Chikungunya"
"66",2024,13,2024-03-25,1,NA,"Chikungunya"
"66",2024,15,2024-04-08,1,NA,"Chikungunya"
"66",2024,40,2024-09-30,1,NA,"Chikungunya"
"66",2024,49,2024-12-02,1,NA,"Chikungunya"
"68",2020,2,2020-01-08,1,NA,"Chikungunya"
"68",2020,4,2020-01-22,1,NA,"Chikungunya"
"68",2020,5,2020-01-29,1,NA,"Chikungunya"
"68",2020,9,2020-02-26,1,NA,"Chikungunya"
"68",2020,15,2020-04-08,1,NA,"Chikungunya"
"68",2020,17,2020-04-22,1,NA,"Chikungunya"
"68",2020,19,2020-05-06,1,NA,"Chikungunya"
"68",2020,22,2020-05-27,1,NA,"Chikungunya"
"68",2020,25,2020-06-17,1,NA,"Chikungunya"
"68",2020,26,2020-06-24,1,NA,"Chikungunya"
"68",2021,9,2021-02-26,1,NA,"Chikungunya"
"68",2021,16,2021-04-16,1,NA,"Chikungunya"
"68",2021,17,2021-04-23,1,NA,"Chikungunya"
"68",2021,23,2021-06-04,1,NA,"Chikungunya"
"68",2021,25,2021-06-18,1,NA,"Chikungunya"
"68",2021,30,2021-07-23,1,NA,"Chikungunya"
"68",2021,32,2021-08-06,1,NA,"Chikungunya"
"68",2021,39,2021-09-24,1,NA,"Chikungunya"
"68",2022,18,2022-04-30,1,NA,"Chikungunya"
"68",2022,43,2022-10-22,1,NA,"Chikungunya"
"68",2022,44,2022-10-29,1,NA,"Chikungunya"
"68",2022,47,2022-11-19,1,NA,"Chikungunya"
"68",2023,4,2023-01-22,1,NA,"Chikungunya"
"68",2023,23,2023-06-04,1,NA,"Chikungunya"
"68",2024,5,2024-01-29,1,NA,"Chikungunya"
"68",2024,8,2024-02-19,2,NA,"Chikungunya"
"68",2024,11,2024-03-11,1,NA,"Chikungunya"
"68",2024,12,2024-03-18,1,NA,"Chikungunya"
"68",2024,15,2024-04-08,1,NA,"Chikungunya"
"68",2024,16,2024-04-15,1,NA,"Chikungunya"
"68",2024,17,2024-04-22,1,NA,"Chikungunya"
"68",2024,37,2024-09-09,1,NA,"Chikungunya"
"68",2025,48,2025-11-26,1,NA,"Chikungunya"
"70",2020,2,2020-01-08,1,NA,"Chikungunya"
"70",2020,14,2020-04-01,1,NA,"Chikungunya"
"70",2020,52,2020-12-23,1,NA,"Chikungunya"
"70",2021,26,2021-06-25,1,NA,"Chikungunya"
"70",2025,4,2025-01-22,1,NA,"Chikungunya"
"73",2020,2,2020-01-08,3,NA,"Chikungunya"
"73",2020,3,2020-01-15,6,NA,"Chikungunya"
"73",2020,4,2020-01-22,2,NA,"Chikungunya"
"73",2020,5,2020-01-29,1,NA,"Chikungunya"
"73",2020,6,2020-02-05,1,NA,"Chikungunya"
"73",2020,7,2020-02-12,1,NA,"Chikungunya"
"73",2020,8,2020-02-19,1,NA,"Chikungunya"
"73",2020,9,2020-02-26,2,NA,"Chikungunya"
"73",2020,10,2020-03-04,1,NA,"Chikungunya"
"73",2020,11,2020-03-11,2,NA,"Chikungunya"
"73",2020,20,2020-05-13,2,NA,"Chikungunya"
"73",2020,21,2020-05-20,1,NA,"Chikungunya"
"73",2020,22,2020-05-27,1,NA,"Chikungunya"
"73",2020,33,2020-08-12,1,NA,"Chikungunya"
"73",2021,7,2021-02-12,1,NA,"Chikungunya"
"73",2021,13,2021-03-26,1,NA,"Chikungunya"
"73",2021,35,2021-08-27,1,NA,"Chikungunya"
"73",2021,52,2021-12-24,1,NA,"Chikungunya"
"73",2022,11,2022-03-12,1,NA,"Chikungunya"
"73",2022,22,2022-05-28,1,NA,"Chikungunya"
"73",2023,2,2023-01-08,1,NA,"Chikungunya"
"73",2023,4,2023-01-22,1,NA,"Chikungunya"
"73",2023,9,2023-02-26,1,NA,"Chikungunya"
"73",2023,19,2023-05-07,1,NA,"Chikungunya"
"73",2023,20,2023-05-14,3,NA,"Chikungunya"
"73",2023,39,2023-09-24,2,NA,"Chikungunya"
"73",2023,46,2023-11-12,1,NA,"Chikungunya"
"73",2024,33,2024-08-12,1,NA,"Chikungunya"
"73",2024,41,2024-10-07,1,NA,"Chikungunya"
"73",2025,15,2025-04-09,1,NA,"Chikungunya"
"73",2025,48,2025-11-26,1,NA,"Chikungunya"
"73",2025,50,2025-12-10,1,NA,"Chikungunya"
"76",2020,1,2020-01-01,1,NA,"Chikungunya"
"76",2020,2,2020-01-08,2,NA,"Chikungunya"
"76",2020,3,2020-01-15,1,NA,"Chikungunya"
"76",2020,4,2020-01-22,4,NA,"Chikungunya"
"76",2020,5,2020-01-29,3,NA,"Chikungunya"
"76",2020,6,2020-02-05,1,NA,"Chikungunya"
"76",2020,9,2020-02-26,2,NA,"Chikungunya"
"76",2020,10,2020-03-04,2,NA,"Chikungunya"
"76",2020,11,2020-03-11,1,NA,"Chikungunya"
"76",2020,12,2020-03-18,1,NA,"Chikungunya"
"76",2020,17,2020-04-22,1,NA,"Chikungunya"
"76",2020,22,2020-05-27,1,NA,"Chikungunya"
"76",2020,47,2020-11-18,1,NA,"Chikungunya"
"76",2020,49,2020-12-02,1,NA,"Chikungunya"
"76",2020,51,2020-12-16,1,NA,"Chikungunya"
"76",2021,1,2021-01-01,1,NA,"Chikungunya"
"76",2021,7,2021-02-12,1,NA,"Chikungunya"
"76",2021,10,2021-03-05,1,NA,"Chikungunya"
"76",2021,14,2021-04-02,1,NA,"Chikungunya"
"76",2021,17,2021-04-23,1,NA,"Chikungunya"
"76",2021,18,2021-04-30,1,NA,"Chikungunya"
"76",2021,19,2021-05-07,1,NA,"Chikungunya"
"76",2021,24,2021-06-11,1,NA,"Chikungunya"
"76",2022,1,2022-01-01,1,NA,"Chikungunya"
"76",2022,2,2022-01-08,1,NA,"Chikungunya"
"76",2022,6,2022-02-05,1,NA,"Chikungunya"
"76",2022,10,2022-03-05,1,NA,"Chikungunya"
"76",2022,12,2022-03-19,1,NA,"Chikungunya"
"76",2022,17,2022-04-23,1,NA,"Chikungunya"
"76",2022,18,2022-04-30,3,NA,"Chikungunya"
"76",2022,19,2022-05-07,1,NA,"Chikungunya"
"76",2022,36,2022-09-03,1,NA,"Chikungunya"
"76",2022,39,2022-09-24,2,NA,"Chikungunya"
"76",2022,40,2022-10-01,2,NA,"Chikungunya"
"76",2022,41,2022-10-08,1,NA,"Chikungunya"
"76",2022,47,2022-11-19,1,NA,"Chikungunya"
"76",2022,51,2022-12-17,2,NA,"Chikungunya"
"76",2022,52,2022-12-24,1,NA,"Chikungunya"
"76",2023,1,2023-01-01,1,NA,"Chikungunya"
"76",2023,9,2023-02-26,1,NA,"Chikungunya"
"76",2023,12,2023-03-19,1,NA,"Chikungunya"
"76",2023,16,2023-04-16,1,NA,"Chikungunya"
"76",2023,18,2023-04-30,1,NA,"Chikungunya"
"76",2023,26,2023-06-25,1,NA,"Chikungunya"
"76",2023,31,2023-07-30,1,NA,"Chikungunya"
"76",2023,34,2023-08-20,1,NA,"Chikungunya"
"76",2023,35,2023-08-27,1,NA,"Chikungunya"
"76",2023,38,2023-09-17,1,NA,"Chikungunya"
"76",2023,46,2023-11-12,1,NA,"Chikungunya"
"76",2023,47,2023-11-19,1,NA,"Chikungunya"
"76",2023,48,2023-11-26,1,NA,"Chikungunya"
"76",2024,12,2024-03-18,1,NA,"Chikungunya"
"76",2024,20,2024-05-13,1,NA,"Chikungunya"
"76",2024,25,2024-06-17,1,NA,"Chikungunya"
"76",2024,29,2024-07-15,1,NA,"Chikungunya"
"76",2024,33,2024-08-12,1,NA,"Chikungunya"
"76",2024,35,2024-08-26,1,NA,"Chikungunya"
"76",2024,36,2024-09-02,1,NA,"Chikungunya"
"76",2024,41,2024-10-07,1,NA,"Chikungunya"
"76",2025,46,2025-11-12,1,NA,"Chikungunya"
"81",2024,39,2024-09-23,1,NA,"Chikungunya"
"81",2024,49,2024-12-02,1,NA,"Chikungunya"
"85",2020,3,2020-01-15,3,NA,"Chikungunya"
"85",2021,44,2021-10-29,1,NA,"Chikungunya"
"85",2022,21,2022-05-21,1,NA,"Chikungunya"
"86",2020,1,2020-01-01,2,NA,"Chikungunya"
"86",2020,5,2020-01-29,1,NA,"Chikungunya"
"86",2020,7,2020-02-12,1,NA,"Chikungunya"
"86",2020,14,2020-04-01,2,NA,"Chikungunya"
"86",2020,15,2020-04-08,1,NA,"Chikungunya"
"86",2020,19,2020-05-06,1,NA,"Chikungunya"
"86",2020,22,2020-05-27,1,NA,"Chikungunya"
"86",2020,29,2020-07-15,1,NA,"Chikungunya"
"86",2020,30,2020-07-22,1,NA,"Chikungunya"
"86",2020,36,2020-09-02,1,NA,"Chikungunya"
"86",2020,48,2020-11-25,1,NA,"Chikungunya"
"86",2021,12,2021-03-19,1,NA,"Chikungunya"
"86",2021,13,2021-03-26,1,NA,"Chikungunya"
"86",2021,21,2021-05-21,1,NA,"Chikungunya"
"86",2021,27,2021-07-02,1,NA,"Chikungunya"
"86",2021,42,2021-10-15,1,NA,"Chikungunya"
"86",2022,13,2022-03-26,1,NA,"Chikungunya"
"86",2022,14,2022-04-02,1,NA,"Chikungunya"
"86",2024,9,2024-02-26,1,NA,"Chikungunya"
"86",2024,16,2024-04-15,1,NA,"Chikungunya"
"86",2025,4,2025-01-22,1,NA,"Chikungunya"
"86",2025,6,2025-02-05,1,NA,"Chikungunya"
"86",2025,31,2025-07-30,1,NA,"Chikungunya"
"86",2025,50,2025-12-10,1,NA,"Chikungunya"
"91",2020,1,2020-01-01,2,NA,"Chikungunya"
"91",2020,31,2020-07-29,1,NA,"Chikungunya"
"91",2023,44,2023-10-29,1,NA,"Chikungunya"
"91",2024,10,2024-03-04,2,NA,"Chikungunya"
"91",2024,11,2024-03-11,1,NA,"Chikungunya"
"91",2024,12,2024-03-18,1,NA,"Chikungunya"
"94",2025,10,2025-03-05,1,NA,"Chikungunya"
"95",2021,32,2021-08-06,1,NA,"Chikungunya"
"95",2021,33,2021-08-13,1,NA,"Chikungunya"
"95",2022,1,2022-01-01,1,NA,"Chikungunya"
"95",2022,7,2022-02-12,1,NA,"Chikungunya"
"95",2022,11,2022-03-12,1,NA,"Chikungunya"
"95",2022,12,2022-03-19,1,NA,"Chikungunya"
"95",2022,14,2022-04-02,2,NA,"Chikungunya"
"95",2022,31,2022-07-30,1,NA,"Chikungunya"
"95",2022,32,2022-08-06,1,NA,"Chikungunya"
"95",2022,33,2022-08-13,1,NA,"Chikungunya"
"95",2022,36,2022-09-03,1,NA,"Chikungunya"
"95",2022,37,2022-09-10,1,NA,"Chikungunya"
"95",2022,38,2022-09-17,5,NA,"Chikungunya"
"95",2022,39,2022-09-24,3,NA,"Chikungunya"
"95",2022,40,2022-10-01,2,NA,"Chikungunya"
"95",2022,51,2022-12-17,1,NA,"Chikungunya"
"NACIONAL",2020,1,2020-01-01,13,NA,"Chikungunya"
"NACIONAL",2020,2,2020-01-08,17,NA,"Chikungunya"
"NACIONAL",2020,3,2020-01-15,23,NA,"Chikungunya"
"NACIONAL",2020,4,2020-01-22,14,NA,"Chikungunya"
"NACIONAL",2020,5,2020-01-29,11,NA,"Chikungunya"
"NACIONAL",2020,6,2020-02-05,4,NA,"Chikungunya"
"NACIONAL",2020,7,2020-02-12,6,NA,"Chikungunya"
"NACIONAL",2020,8,2020-02-19,2,NA,"Chikungunya"
"NACIONAL",2020,9,2020-02-26,8,NA,"Chikungunya"
"NACIONAL",2020,10,2020-03-04,5,NA,"Chikungunya"
"NACIONAL",2020,11,2020-03-11,4,NA,"Chikungunya"
"NACIONAL",2020,12,2020-03-18,2,NA,"Chikungunya"
"NACIONAL",2020,13,2020-03-25,1,NA,"Chikungunya"
"NACIONAL",2020,14,2020-04-01,4,NA,"Chikungunya"
"NACIONAL",2020,15,2020-04-08,2,NA,"Chikungunya"
"NACIONAL",2020,17,2020-04-22,3,NA,"Chikungunya"
"NACIONAL",2020,18,2020-04-29,1,NA,"Chikungunya"
"NACIONAL",2020,19,2020-05-06,3,NA,"Chikungunya"
"NACIONAL",2020,20,2020-05-13,2,NA,"Chikungunya"
"NACIONAL",2020,21,2020-05-20,1,NA,"Chikungunya"
"NACIONAL",2020,22,2020-05-27,4,NA,"Chikungunya"
"NACIONAL",2020,23,2020-06-03,1,NA,"Chikungunya"
"NACIONAL",2020,24,2020-06-10,1,NA,"Chikungunya"
"NACIONAL",2020,25,2020-06-17,1,NA,"Chikungunya"
"NACIONAL",2020,26,2020-06-24,2,NA,"Chikungunya"
"NACIONAL",2020,29,2020-07-15,2,NA,"Chikungunya"
"NACIONAL",2020,30,2020-07-22,1,NA,"Chikungunya"
"NACIONAL",2020,31,2020-07-29,2,NA,"Chikungunya"
"NACIONAL",2020,32,2020-08-05,1,NA,"Chikungunya"
"NACIONAL",2020,33,2020-08-12,2,NA,"Chikungunya"
"NACIONAL",2020,34,2020-08-19,2,NA,"Chikungunya"
"NACIONAL",2020,36,2020-09-02,1,NA,"Chikungunya"
"NACIONAL",2020,37,2020-09-09,2,NA,"Chikungunya"
"NACIONAL",2020,38,2020-09-16,1,NA,"Chikungunya"
"NACIONAL",2020,39,2020-09-23,1,NA,"Chikungunya"
"NACIONAL",2020,45,2020-11-04,1,NA,"Chikungunya"
"NACIONAL",2020,47,2020-11-18,1,NA,"Chikungunya"
"NACIONAL",2020,48,2020-11-25,3,NA,"Chikungunya"
"NACIONAL",2020,49,2020-12-02,1,NA,"Chikungunya"
"NACIONAL",2020,51,2020-12-16,1,NA,"Chikungunya"
"NACIONAL",2020,52,2020-12-23,3,NA,"Chikungunya"
"NACIONAL",2020,53,2020-12-30,1,NA,"Chikungunya"
"NACIONAL",2021,1,2021-01-01,1,NA,"Chikungunya"
"NACIONAL",2021,7,2021-02-12,2,NA,"Chikungunya"
"NACIONAL",2021,8,2021-02-19,1,NA,"Chikungunya"
"NACIONAL",2021,9,2021-02-26,2,NA,"Chikungunya"
"NACIONAL",2021,10,2021-03-05,1,NA,"Chikungunya"
"NACIONAL",2021,12,2021-03-19,1,NA,"Chikungunya"
"NACIONAL",2021,13,2021-03-26,2,NA,"Chikungunya"
"NACIONAL",2021,14,2021-04-02,1,NA,"Chikungunya"
"NACIONAL",2021,16,2021-04-16,1,NA,"Chikungunya"
"NACIONAL",2021,17,2021-04-23,2,NA,"Chikungunya"
"NACIONAL",2021,18,2021-04-30,1,NA,"Chikungunya"
"NACIONAL",2021,19,2021-05-07,2,NA,"Chikungunya"
"NACIONAL",2021,21,2021-05-21,1,NA,"Chikungunya"
"NACIONAL",2021,23,2021-06-04,1,NA,"Chikungunya"
"NACIONAL",2021,24,2021-06-11,1,NA,"Chikungunya"
"NACIONAL",2021,25,2021-06-18,1,NA,"Chikungunya"
"NACIONAL",2021,26,2021-06-25,1,NA,"Chikungunya"
"NACIONAL",2021,27,2021-07-02,1,NA,"Chikungunya"
"NACIONAL",2021,29,2021-07-16,1,NA,"Chikungunya"
"NACIONAL",2021,30,2021-07-23,2,NA,"Chikungunya"
"NACIONAL",2021,31,2021-07-30,1,NA,"Chikungunya"
"NACIONAL",2021,32,2021-08-06,3,NA,"Chikungunya"
"NACIONAL",2021,33,2021-08-13,1,NA,"Chikungunya"
"NACIONAL",2021,35,2021-08-27,4,NA,"Chikungunya"
"NACIONAL",2021,39,2021-09-24,1,NA,"Chikungunya"
"NACIONAL",2021,40,2021-10-01,1,NA,"Chikungunya"
"NACIONAL",2021,42,2021-10-15,1,NA,"Chikungunya"
"NACIONAL",2021,44,2021-10-29,1,NA,"Chikungunya"
"NACIONAL",2021,46,2021-11-12,1,NA,"Chikungunya"
"NACIONAL",2021,48,2021-11-26,2,NA,"Chikungunya"
"NACIONAL",2021,49,2021-12-03,2,NA,"Chikungunya"
"NACIONAL",2021,50,2021-12-10,1,NA,"Chikungunya"
"NACIONAL",2021,51,2021-12-17,1,NA,"Chikungunya"
"NACIONAL",2021,52,2021-12-24,1,NA,"Chikungunya"
"NACIONAL",2022,1,2022-01-01,3,NA,"Chikungunya"
"NACIONAL",2022,2,2022-01-08,2,NA,"Chikungunya"
"NACIONAL",2022,3,2022-01-15,2,NA,"Chikungunya"
"NACIONAL",2022,6,2022-02-05,2,NA,"Chikungunya"
"NACIONAL",2022,7,2022-02-12,1,NA,"Chikungunya"
"NACIONAL",2022,9,2022-02-26,1,NA,"Chikungunya"
"NACIONAL",2022,10,2022-03-05,1,NA,"Chikungunya"
"NACIONAL",2022,11,2022-03-12,2,NA,"Chikungunya"
"NACIONAL",2022,12,2022-03-19,3,NA,"Chikungunya"
"NACIONAL",2022,13,2022-03-26,1,NA,"Chikungunya"
"NACIONAL",2022,14,2022-04-02,3,NA,"Chikungunya"
"NACIONAL",2022,15,2022-04-09,1,NA,"Chikungunya"
"NACIONAL",2022,16,2022-04-16,1,NA,"Chikungunya"
"NACIONAL",2022,17,2022-04-23,1,NA,"Chikungunya"
"NACIONAL",2022,18,2022-04-30,4,NA,"Chikungunya"
"NACIONAL",2022,19,2022-05-07,1,NA,"Chikungunya"
"NACIONAL",2022,21,2022-05-21,1,NA,"Chikungunya"
"NACIONAL",2022,22,2022-05-28,2,NA,"Chikungunya"
"NACIONAL",2022,23,2022-06-04,2,NA,"Chikungunya"
"NACIONAL",2022,24,2022-06-11,1,NA,"Chikungunya"
"NACIONAL",2022,25,2022-06-18,1,NA,"Chikungunya"
"NACIONAL",2022,28,2022-07-09,1,NA,"Chikungunya"
"NACIONAL",2022,30,2022-07-23,1,NA,"Chikungunya"
"NACIONAL",2022,31,2022-07-30,1,NA,"Chikungunya"
"NACIONAL",2022,32,2022-08-06,1,NA,"Chikungunya"
"NACIONAL",2022,33,2022-08-13,2,NA,"Chikungunya"
"NACIONAL",2022,34,2022-08-20,2,NA,"Chikungunya"
"NACIONAL",2022,35,2022-08-27,2,NA,"Chikungunya"
"NACIONAL",2022,36,2022-09-03,2,NA,"Chikungunya"
"NACIONAL",2022,37,2022-09-10,1,NA,"Chikungunya"
"NACIONAL",2022,38,2022-09-17,6,NA,"Chikungunya"
"NACIONAL",2022,39,2022-09-24,6,NA,"Chikungunya"
"NACIONAL",2022,40,2022-10-01,6,NA,"Chikungunya"
"NACIONAL",2022,41,2022-10-08,1,NA,"Chikungunya"
"NACIONAL",2022,43,2022-10-22,1,NA,"Chikungunya"
"NACIONAL",2022,44,2022-10-29,2,NA,"Chikungunya"
"NACIONAL",2022,45,2022-11-05,1,NA,"Chikungunya"
"NACIONAL",2022,47,2022-11-19,3,NA,"Chikungunya"
"NACIONAL",2022,48,2022-11-26,1,NA,"Chikungunya"
"NACIONAL",2022,50,2022-12-10,1,NA,"Chikungunya"
"NACIONAL",2022,51,2022-12-17,3,NA,"Chikungunya"
"NACIONAL",2022,52,2022-12-24,1,NA,"Chikungunya"
"NACIONAL",2023,1,2023-01-01,1,NA,"Chikungunya"
"NACIONAL",2023,2,2023-01-08,1,NA,"Chikungunya"
"NACIONAL",2023,4,2023-01-22,2,NA,"Chikungunya"
"NACIONAL",2023,9,2023-02-26,2,NA,"Chikungunya"
"NACIONAL",2023,12,2023-03-19,2,NA,"Chikungunya"
"NACIONAL",2023,13,2023-03-26,1,NA,"Chikungunya"
"NACIONAL",2023,16,2023-04-16,2,NA,"Chikungunya"
"NACIONAL",2023,18,2023-04-30,1,NA,"Chikungunya"
"NACIONAL",2023,19,2023-05-07,2,NA,"Chikungunya"
"NACIONAL",2023,20,2023-05-14,3,NA,"Chikungunya"
"NACIONAL",2023,23,2023-06-04,2,NA,"Chikungunya"
"NACIONAL",2023,24,2023-06-11,1,NA,"Chikungunya"
"NACIONAL",2023,25,2023-06-18,1,NA,"Chikungunya"
"NACIONAL",2023,26,2023-06-25,1,NA,"Chikungunya"
"NACIONAL",2023,27,2023-07-02,1,NA,"Chikungunya"
"NACIONAL",2023,31,2023-07-30,1,NA,"Chikungunya"
"NACIONAL",2023,34,2023-08-20,1,NA,"Chikungunya"
"NACIONAL",2023,35,2023-08-27,1,NA,"Chikungunya"
"NACIONAL",2023,37,2023-09-10,2,NA,"Chikungunya"
"NACIONAL",2023,38,2023-09-17,1,NA,"Chikungunya"
"NACIONAL",2023,39,2023-09-24,3,NA,"Chikungunya"
"NACIONAL",2023,42,2023-10-15,1,NA,"Chikungunya"
"NACIONAL",2023,43,2023-10-22,6,NA,"Chikungunya"
"NACIONAL",2023,44,2023-10-29,3,NA,"Chikungunya"
"NACIONAL",2023,45,2023-11-05,1,NA,"Chikungunya"
"NACIONAL",2023,46,2023-11-12,2,NA,"Chikungunya"
"NACIONAL",2023,47,2023-11-19,1,NA,"Chikungunya"
"NACIONAL",2023,48,2023-11-26,1,NA,"Chikungunya"
"NACIONAL",2023,49,2023-12-03,1,NA,"Chikungunya"
"NACIONAL",2023,50,2023-12-10,1,NA,"Chikungunya"
"NACIONAL",2023,51,2023-12-17,2,NA,"Chikungunya"
"NACIONAL",2024,1,2024-01-01,1,NA,"Chikungunya"
"NACIONAL",2024,2,2024-01-08,1,NA,"Chikungunya"
"NACIONAL",2024,5,2024-01-29,1,NA,"Chikungunya"
"NACIONAL",2024,8,2024-02-19,2,NA,"Chikungunya"
"NACIONAL",2024,9,2024-02-26,1,NA,"Chikungunya"
"NACIONAL",2024,10,2024-03-04,2,NA,"Chikungunya"
"NACIONAL",2024,11,2024-03-11,2,NA,"Chikungunya"
"NACIONAL",2024,12,2024-03-18,4,NA,"Chikungunya"
"NACIONAL",2024,13,2024-03-25,1,NA,"Chikungunya"
"NACIONAL",2024,15,2024-04-08,2,NA,"Chikungunya"
"NACIONAL",2024,16,2024-04-15,3,NA,"Chikungunya"
"NACIONAL",2024,17,2024-04-22,1,NA,"Chikungunya"
"NACIONAL",2024,20,2024-05-13,1,NA,"Chikungunya"
"NACIONAL",2024,21,2024-05-20,1,NA,"Chikungunya"
"NACIONAL",2024,23,2024-06-03,1,NA,"Chikungunya"
"NACIONAL",2024,25,2024-06-17,1,NA,"Chikungunya"
"NACIONAL",2024,26,2024-06-24,4,NA,"Chikungunya"
"NACIONAL",2024,28,2024-07-08,2,NA,"Chikungunya"
"NACIONAL",2024,29,2024-07-15,1,NA,"Chikungunya"
"NACIONAL",2024,30,2024-07-22,1,NA,"Chikungunya"
"NACIONAL",2024,31,2024-07-29,1,NA,"Chikungunya"
"NACIONAL",2024,33,2024-08-12,2,NA,"Chikungunya"
"NACIONAL",2024,35,2024-08-26,3,NA,"Chikungunya"
"NACIONAL",2024,36,2024-09-02,1,NA,"Chikungunya"
"NACIONAL",2024,37,2024-09-09,1,NA,"Chikungunya"
"NACIONAL",2024,39,2024-09-23,1,NA,"Chikungunya"
"NACIONAL",2024,40,2024-09-30,1,NA,"Chikungunya"
"NACIONAL",2024,41,2024-10-07,2,NA,"Chikungunya"
"NACIONAL",2024,43,2024-10-21,1,NA,"Chikungunya"
"NACIONAL",2024,44,2024-10-28,1,NA,"Chikungunya"
"NACIONAL",2024,48,2024-11-25,1,NA,"Chikungunya"
"NACIONAL",2024,49,2024-12-02,4,NA,"Chikungunya"
"NACIONAL",2024,50,2024-12-09,1,NA,"Chikungunya"
"NACIONAL",2024,52,2024-12-23,1,NA,"Chikungunya"
"NACIONAL",2025,4,2025-01-22,3,NA,"Chikungunya"
"NACIONAL",2025,6,2025-02-05,1,NA,"Chikungunya"
"NACIONAL",2025,8,2025-02-19,1,NA,"Chikungunya"
"NACIONAL",2025,10,2025-03-05,1,NA,"Chikungunya"
"NACIONAL",2025,13,2025-03-26,1,NA,"Chikungunya"
"NACIONAL",2025,15,2025-04-09,1,NA,"Chikungunya"
"NACIONAL",2025,21,2025-05-21,1,NA,"Chikungunya"
"NACIONAL",2025,31,2025-07-30,1,NA,"Chikungunya"
"NACIONAL",2025,41,2025-10-08,1,NA,"Chikungunya"
"NACIONAL",2025,43,2025-10-22,3,NA,"Chikungunya"
"NACIONAL",2025,45,2025-11-05,2,NA,"Chikungunya"
"NACIONAL",2025,46,2025-11-12,3,NA,"Chikungunya"
"NACIONAL",2025,48,2025-11-26,4,NA,"Chikungunya"
"NACIONAL",2025,50,2025-12-10,2,NA,"Chikungunya"
"NACIONAL_Adulto (18+)",2020,1,2020-01-01,10,"Adulto (18+)","Chikungunya"
"NACIONAL_Adulto (18+)",2020,2,2020-01-08,15,"Adulto (18+)","Chikungunya"
"NACIONAL_Adulto (18+)",2020,3,2020-01-15,20,"Adulto (18+)","Chikungunya"
"NACIONAL_Adulto (18+)",2020,4,2020-01-22,10,"Adulto (18+)","Chikungunya"
"NACIONAL_Adulto (18+)",2020,5,2020-01-29,11,"Adulto (18+)","Chikungunya"
"NACIONAL_Adulto (18+)",2020,6,2020-02-05,2,"Adulto (18+)","Chikungunya"
"NACIONAL_Adulto (18+)",2020,7,2020-02-12,4,"Adulto (18+)","Chikungunya"
"NACIONAL_Adulto (18+)",2020,8,2020-02-19,1,"Adulto (18+)","Chikungunya"
"NACIONAL_Adulto (18+)",2020,9,2020-02-26,5,"Adulto (18+)","Chikungunya"
"NACIONAL_Adulto (18+)",2020,10,2020-03-04,4,"Adulto (18+)","Chikungunya"
"NACIONAL_Adulto (18+)",2020,11,2020-03-11,3,"Adulto (18+)","Chikungunya"
"NACIONAL_Adulto (18+)",2020,12,2020-03-18,1,"Adulto (18+)","Chikungunya"
"NACIONAL_Adulto (18+)",2020,14,2020-04-01,4,"Adulto (18+)","Chikungunya"
"NACIONAL_Adulto (18+)",2020,17,2020-04-22,2,"Adulto (18+)","Chikungunya"
"NACIONAL_Adulto (18+)",2020,18,2020-04-29,1,"Adulto (18+)","Chikungunya"
"NACIONAL_Adulto (18+)",2020,19,2020-05-06,2,"Adulto (18+)","Chikungunya"
"NACIONAL_Adulto (18+)",2020,20,2020-05-13,2,"Adulto (18+)","Chikungunya"
"NACIONAL_Adulto (18+)",2020,22,2020-05-27,3,"Adulto (18+)","Chikungunya"
"NACIONAL_Adulto (18+)",2020,24,2020-06-10,1,"Adulto (18+)","Chikungunya"
"NACIONAL_Adulto (18+)",2020,26,2020-06-24,1,"Adulto (18+)","Chikungunya"
"NACIONAL_Adulto (18+)",2020,30,2020-07-22,1,"Adulto (18+)","Chikungunya"
"NACIONAL_Adulto (18+)",2020,31,2020-07-29,1,"Adulto (18+)","Chikungunya"
"NACIONAL_Adulto (18+)",2020,32,2020-08-05,1,"Adulto (18+)","Chikungunya"
"NACIONAL_Adulto (18+)",2020,33,2020-08-12,1,"Adulto (18+)","Chikungunya"
"NACIONAL_Adulto (18+)",2020,34,2020-08-19,2,"Adulto (18+)","Chikungunya"
"NACIONAL_Adulto (18+)",2020,37,2020-09-09,1,"Adulto (18+)","Chikungunya"
"NACIONAL_Adulto (18+)",2020,38,2020-09-16,1,"Adulto (18+)","Chikungunya"
"NACIONAL_Adulto (18+)",2020,45,2020-11-04,1,"Adulto (18+)","Chikungunya"
"NACIONAL_Adulto (18+)",2020,48,2020-11-25,1,"Adulto (18+)","Chikungunya"
"NACIONAL_Adulto (18+)",2020,49,2020-12-02,1,"Adulto (18+)","Chikungunya"
"NACIONAL_Adulto (18+)",2020,51,2020-12-16,1,"Adulto (18+)","Chikungunya"
"NACIONAL_Adulto (18+)",2020,52,2020-12-23,3,"Adulto (18+)","Chikungunya"
"NACIONAL_Adulto (18+)",2020,53,2020-12-30,1,"Adulto (18+)","Chikungunya"
"NACIONAL_Adulto (18+)",2021,1,2021-01-01,1,"Adulto (18+)","Chikungunya"
"NACIONAL_Adulto (18+)",2021,7,2021-02-12,1,"Adulto (18+)","Chikungunya"
"NACIONAL_Adulto (18+)",2021,8,2021-02-19,1,"Adulto (18+)","Chikungunya"
"NACIONAL_Adulto (18+)",2021,9,2021-02-26,1,"Adulto (18+)","Chikungunya"
"NACIONAL_Adulto (18+)",2021,10,2021-03-05,1,"Adulto (18+)","Chikungunya"
"NACIONAL_Adulto (18+)",2021,12,2021-03-19,1,"Adulto (18+)","Chikungunya"
"NACIONAL_Adulto (18+)",2021,13,2021-03-26,1,"Adulto (18+)","Chikungunya"
"NACIONAL_Adulto (18+)",2021,14,2021-04-02,1,"Adulto (18+)","Chikungunya"
"NACIONAL_Adulto (18+)",2021,16,2021-04-16,1,"Adulto (18+)","Chikungunya"
"NACIONAL_Adulto (18+)",2021,17,2021-04-23,1,"Adulto (18+)","Chikungunya"
"NACIONAL_Adulto (18+)",2021,18,2021-04-30,1,"Adulto (18+)","Chikungunya"
"NACIONAL_Adulto (18+)",2021,19,2021-05-07,2,"Adulto (18+)","Chikungunya"
"NACIONAL_Adulto (18+)",2021,24,2021-06-11,1,"Adulto (18+)","Chikungunya"
"NACIONAL_Adulto (18+)",2021,25,2021-06-18,1,"Adulto (18+)","Chikungunya"
"NACIONAL_Adulto (18+)",2021,26,2021-06-25,1,"Adulto (18+)","Chikungunya"
"NACIONAL_Adulto (18+)",2021,27,2021-07-02,1,"Adulto (18+)","Chikungunya"
"NACIONAL_Adulto (18+)",2021,29,2021-07-16,1,"Adulto (18+)","Chikungunya"
"NACIONAL_Adulto (18+)",2021,30,2021-07-23,2,"Adulto (18+)","Chikungunya"
"NACIONAL_Adulto (18+)",2021,31,2021-07-30,1,"Adulto (18+)","Chikungunya"
"NACIONAL_Adulto (18+)",2021,32,2021-08-06,2,"Adulto (18+)","Chikungunya"
"NACIONAL_Adulto (18+)",2021,33,2021-08-13,1,"Adulto (18+)","Chikungunya"
"NACIONAL_Adulto (18+)",2021,35,2021-08-27,3,"Adulto (18+)","Chikungunya"
"NACIONAL_Adulto (18+)",2021,40,2021-10-01,1,"Adulto (18+)","Chikungunya"
"NACIONAL_Adulto (18+)",2021,42,2021-10-15,1,"Adulto (18+)","Chikungunya"
"NACIONAL_Adulto (18+)",2021,44,2021-10-29,1,"Adulto (18+)","Chikungunya"
"NACIONAL_Adulto (18+)",2021,48,2021-11-26,2,"Adulto (18+)","Chikungunya"
"NACIONAL_Adulto (18+)",2021,49,2021-12-03,1,"Adulto (18+)","Chikungunya"
"NACIONAL_Adulto (18+)",2021,50,2021-12-10,1,"Adulto (18+)","Chikungunya"
"NACIONAL_Adulto (18+)",2021,52,2021-12-24,1,"Adulto (18+)","Chikungunya"
"NACIONAL_Adulto (18+)",2022,1,2022-01-01,3,"Adulto (18+)","Chikungunya"
"NACIONAL_Adulto (18+)",2022,2,2022-01-08,1,"Adulto (18+)","Chikungunya"
"NACIONAL_Adulto (18+)",2022,3,2022-01-15,2,"Adulto (18+)","Chikungunya"
"NACIONAL_Adulto (18+)",2022,6,2022-02-05,1,"Adulto (18+)","Chikungunya"
"NACIONAL_Adulto (18+)",2022,7,2022-02-12,1,"Adulto (18+)","Chikungunya"
"NACIONAL_Adulto (18+)",2022,10,2022-03-05,1,"Adulto (18+)","Chikungunya"
"NACIONAL_Adulto (18+)",2022,11,2022-03-12,2,"Adulto (18+)","Chikungunya"
"NACIONAL_Adulto (18+)",2022,12,2022-03-19,1,"Adulto (18+)","Chikungunya"
"NACIONAL_Adulto (18+)",2022,13,2022-03-26,1,"Adulto (18+)","Chikungunya"
"NACIONAL_Adulto (18+)",2022,14,2022-04-02,3,"Adulto (18+)","Chikungunya"
"NACIONAL_Adulto (18+)",2022,15,2022-04-09,1,"Adulto (18+)","Chikungunya"
"NACIONAL_Adulto (18+)",2022,16,2022-04-16,1,"Adulto (18+)","Chikungunya"
"NACIONAL_Adulto (18+)",2022,17,2022-04-23,1,"Adulto (18+)","Chikungunya"
"NACIONAL_Adulto (18+)",2022,18,2022-04-30,3,"Adulto (18+)","Chikungunya"
"NACIONAL_Adulto (18+)",2022,22,2022-05-28,2,"Adulto (18+)","Chikungunya"
"NACIONAL_Adulto (18+)",2022,23,2022-06-04,2,"Adulto (18+)","Chikungunya"
"NACIONAL_Adulto (18+)",2022,24,2022-06-11,1,"Adulto (18+)","Chikungunya"
"NACIONAL_Adulto (18+)",2022,25,2022-06-18,1,"Adulto (18+)","Chikungunya"
"NACIONAL_Adulto (18+)",2022,32,2022-08-06,1,"Adulto (18+)","Chikungunya"
"NACIONAL_Adulto (18+)",2022,33,2022-08-13,2,"Adulto (18+)","Chikungunya"
"NACIONAL_Adulto (18+)",2022,34,2022-08-20,1,"Adulto (18+)","Chikungunya"
"NACIONAL_Adulto (18+)",2022,35,2022-08-27,1,"Adulto (18+)","Chikungunya"
"NACIONAL_Adulto (18+)",2022,36,2022-09-03,1,"Adulto (18+)","Chikungunya"
"NACIONAL_Adulto (18+)",2022,38,2022-09-17,3,"Adulto (18+)","Chikungunya"
"NACIONAL_Adulto (18+)",2022,39,2022-09-24,5,"Adulto (18+)","Chikungunya"
"NACIONAL_Adulto (18+)",2022,40,2022-10-01,2,"Adulto (18+)","Chikungunya"
"NACIONAL_Adulto (18+)",2022,41,2022-10-08,1,"Adulto (18+)","Chikungunya"
"NACIONAL_Adulto (18+)",2022,44,2022-10-29,1,"Adulto (18+)","Chikungunya"
"NACIONAL_Adulto (18+)",2022,45,2022-11-05,1,"Adulto (18+)","Chikungunya"
"NACIONAL_Adulto (18+)",2022,47,2022-11-19,2,"Adulto (18+)","Chikungunya"
"NACIONAL_Adulto (18+)",2022,50,2022-12-10,1,"Adulto (18+)","Chikungunya"
"NACIONAL_Adulto (18+)",2022,51,2022-12-17,1,"Adulto (18+)","Chikungunya"
"NACIONAL_Adulto (18+)",2022,52,2022-12-24,1,"Adulto (18+)","Chikungunya"
"NACIONAL_Adulto (18+)",2023,1,2023-01-01,1,"Adulto (18+)","Chikungunya"
"NACIONAL_Adulto (18+)",2023,2,2023-01-08,1,"Adulto (18+)","Chikungunya"
"NACIONAL_Adulto (18+)",2023,4,2023-01-22,1,"Adulto (18+)","Chikungunya"
"NACIONAL_Adulto (18+)",2023,12,2023-03-19,2,"Adulto (18+)","Chikungunya"
"NACIONAL_Adulto (18+)",2023,13,2023-03-26,1,"Adulto (18+)","Chikungunya"
"NACIONAL_Adulto (18+)",2023,16,2023-04-16,1,"Adulto (18+)","Chikungunya"
"NACIONAL_Adulto (18+)",2023,19,2023-05-07,2,"Adulto (18+)","Chikungunya"
"NACIONAL_Adulto (18+)",2023,20,2023-05-14,3,"Adulto (18+)","Chikungunya"
"NACIONAL_Adulto (18+)",2023,23,2023-06-04,2,"Adulto (18+)","Chikungunya"
"NACIONAL_Adulto (18+)",2023,25,2023-06-18,1,"Adulto (18+)","Chikungunya"
"NACIONAL_Adulto (18+)",2023,27,2023-07-02,1,"Adulto (18+)","Chikungunya"
"NACIONAL_Adulto (18+)",2023,34,2023-08-20,1,"Adulto (18+)","Chikungunya"
"NACIONAL_Adulto (18+)",2023,35,2023-08-27,1,"Adulto (18+)","Chikungunya"
"NACIONAL_Adulto (18+)",2023,37,2023-09-10,1,"Adulto (18+)","Chikungunya"
"NACIONAL_Adulto (18+)",2023,39,2023-09-24,3,"Adulto (18+)","Chikungunya"
"NACIONAL_Adulto (18+)",2023,42,2023-10-15,1,"Adulto (18+)","Chikungunya"
"NACIONAL_Adulto (18+)",2023,43,2023-10-22,5,"Adulto (18+)","Chikungunya"
"NACIONAL_Adulto (18+)",2023,44,2023-10-29,1,"Adulto (18+)","Chikungunya"
"NACIONAL_Adulto (18+)",2023,45,2023-11-05,1,"Adulto (18+)","Chikungunya"
"NACIONAL_Adulto (18+)",2023,46,2023-11-12,2,"Adulto (18+)","Chikungunya"
"NACIONAL_Adulto (18+)",2023,47,2023-11-19,1,"Adulto (18+)","Chikungunya"
"NACIONAL_Adulto (18+)",2023,48,2023-11-26,1,"Adulto (18+)","Chikungunya"
"NACIONAL_Adulto (18+)",2023,49,2023-12-03,1,"Adulto (18+)","Chikungunya"
"NACIONAL_Adulto (18+)",2023,50,2023-12-10,1,"Adulto (18+)","Chikungunya"
"NACIONAL_Adulto (18+)",2023,51,2023-12-17,2,"Adulto (18+)","Chikungunya"
"NACIONAL_Adulto (18+)",2024,1,2024-01-01,1,"Adulto (18+)","Chikungunya"
"NACIONAL_Adulto (18+)",2024,2,2024-01-08,1,"Adulto (18+)","Chikungunya"
"NACIONAL_Adulto (18+)",2024,5,2024-01-29,1,"Adulto (18+)","Chikungunya"
"NACIONAL_Adulto (18+)",2024,8,2024-02-19,1,"Adulto (18+)","Chikungunya"
"NACIONAL_Adulto (18+)",2024,9,2024-02-26,1,"Adulto (18+)","Chikungunya"
"NACIONAL_Adulto (18+)",2024,10,2024-03-04,2,"Adulto (18+)","Chikungunya"
"NACIONAL_Adulto (18+)",2024,11,2024-03-11,1,"Adulto (18+)","Chikungunya"
"NACIONAL_Adulto (18+)",2024,12,2024-03-18,4,"Adulto (18+)","Chikungunya"
"NACIONAL_Adulto (18+)",2024,13,2024-03-25,1,"Adulto (18+)","Chikungunya"
"NACIONAL_Adulto (18+)",2024,15,2024-04-08,2,"Adulto (18+)","Chikungunya"
"NACIONAL_Adulto (18+)",2024,16,2024-04-15,2,"Adulto (18+)","Chikungunya"
"NACIONAL_Adulto (18+)",2024,20,2024-05-13,1,"Adulto (18+)","Chikungunya"
"NACIONAL_Adulto (18+)",2024,21,2024-05-20,1,"Adulto (18+)","Chikungunya"
"NACIONAL_Adulto (18+)",2024,23,2024-06-03,1,"Adulto (18+)","Chikungunya"
"NACIONAL_Adulto (18+)",2024,25,2024-06-17,1,"Adulto (18+)","Chikungunya"
"NACIONAL_Adulto (18+)",2024,26,2024-06-24,2,"Adulto (18+)","Chikungunya"
"NACIONAL_Adulto (18+)",2024,28,2024-07-08,2,"Adulto (18+)","Chikungunya"
"NACIONAL_Adulto (18+)",2024,29,2024-07-15,1,"Adulto (18+)","Chikungunya"
"NACIONAL_Adulto (18+)",2024,30,2024-07-22,1,"Adulto (18+)","Chikungunya"
"NACIONAL_Adulto (18+)",2024,31,2024-07-29,1,"Adulto (18+)","Chikungunya"
"NACIONAL_Adulto (18+)",2024,33,2024-08-12,2,"Adulto (18+)","Chikungunya"
"NACIONAL_Adulto (18+)",2024,35,2024-08-26,3,"Adulto (18+)","Chikungunya"
"NACIONAL_Adulto (18+)",2024,36,2024-09-02,1,"Adulto (18+)","Chikungunya"
"NACIONAL_Adulto (18+)",2024,37,2024-09-09,1,"Adulto (18+)","Chikungunya"
"NACIONAL_Adulto (18+)",2024,39,2024-09-23,1,"Adulto (18+)","Chikungunya"
"NACIONAL_Adulto (18+)",2024,40,2024-09-30,1,"Adulto (18+)","Chikungunya"
"NACIONAL_Adulto (18+)",2024,41,2024-10-07,1,"Adulto (18+)","Chikungunya"
"NACIONAL_Adulto (18+)",2024,43,2024-10-21,1,"Adulto (18+)","Chikungunya"
"NACIONAL_Adulto (18+)",2024,48,2024-11-25,1,"Adulto (18+)","Chikungunya"
"NACIONAL_Adulto (18+)",2024,49,2024-12-02,3,"Adulto (18+)","Chikungunya"
"NACIONAL_Adulto (18+)",2024,50,2024-12-09,1,"Adulto (18+)","Chikungunya"
"NACIONAL_Adulto (18+)",2024,52,2024-12-23,1,"Adulto (18+)","Chikungunya"
"NACIONAL_Adulto (18+)",2025,4,2025-01-22,3,"Adulto (18+)","Chikungunya"
"NACIONAL_Adulto (18+)",2025,6,2025-02-05,1,"Adulto (18+)","Chikungunya"
"NACIONAL_Adulto (18+)",2025,8,2025-02-19,1,"Adulto (18+)","Chikungunya"
"NACIONAL_Adulto (18+)",2025,10,2025-03-05,1,"Adulto (18+)","Chikungunya"
"NACIONAL_Adulto (18+)",2025,13,2025-03-26,1,"Adulto (18+)","Chikungunya"
"NACIONAL_Adulto (18+)",2025,15,2025-04-09,1,"Adulto (18+)","Chikungunya"
"NACIONAL_Adulto (18+)",2025,21,2025-05-21,1,"Adulto (18+)","Chikungunya"
"NACIONAL_Adulto (18+)",2025,31,2025-07-30,1,"Adulto (18+)","Chikungunya"
"NACIONAL_Adulto (18+)",2025,41,2025-10-08,1,"Adulto (18+)","Chikungunya"
"NACIONAL_Adulto (18+)",2025,43,2025-10-22,3,"Adulto (18+)","Chikungunya"
"NACIONAL_Adulto (18+)",2025,45,2025-11-05,2,"Adulto (18+)","Chikungunya"
"NACIONAL_Adulto (18+)",2025,46,2025-11-12,2,"Adulto (18+)","Chikungunya"
"NACIONAL_Adulto (18+)",2025,48,2025-11-26,4,"Adulto (18+)","Chikungunya"
"NACIONAL_Adulto (18+)",2025,50,2025-12-10,2,"Adulto (18+)","Chikungunya"
"NACIONAL_Joven (0-17)",2020,1,2020-01-01,3,"Joven (0-17)","Chikungunya"
"NACIONAL_Joven (0-17)",2020,2,2020-01-08,2,"Joven (0-17)","Chikungunya"
"NACIONAL_Joven (0-17)",2020,3,2020-01-15,3,"Joven (0-17)","Chikungunya"
"NACIONAL_Joven (0-17)",2020,4,2020-01-22,4,"Joven (0-17)","Chikungunya"
"NACIONAL_Joven (0-17)",2020,6,2020-02-05,2,"Joven (0-17)","Chikungunya"
"NACIONAL_Joven (0-17)",2020,7,2020-02-12,2,"Joven (0-17)","Chikungunya"
"NACIONAL_Joven (0-17)",2020,8,2020-02-19,1,"Joven (0-17)","Chikungunya"
"NACIONAL_Joven (0-17)",2020,9,2020-02-26,3,"Joven (0-17)","Chikungunya"
"NACIONAL_Joven (0-17)",2020,10,2020-03-04,1,"Joven (0-17)","Chikungunya"
"NACIONAL_Joven (0-17)",2020,11,2020-03-11,1,"Joven (0-17)","Chikungunya"
"NACIONAL_Joven (0-17)",2020,12,2020-03-18,1,"Joven (0-17)","Chikungunya"
"NACIONAL_Joven (0-17)",2020,13,2020-03-25,1,"Joven (0-17)","Chikungunya"
"NACIONAL_Joven (0-17)",2020,15,2020-04-08,2,"Joven (0-17)","Chikungunya"
"NACIONAL_Joven (0-17)",2020,17,2020-04-22,1,"Joven (0-17)","Chikungunya"
"NACIONAL_Joven (0-17)",2020,19,2020-05-06,1,"Joven (0-17)","Chikungunya"
"NACIONAL_Joven (0-17)",2020,21,2020-05-20,1,"Joven (0-17)","Chikungunya"
"NACIONAL_Joven (0-17)",2020,22,2020-05-27,1,"Joven (0-17)","Chikungunya"
"NACIONAL_Joven (0-17)",2020,23,2020-06-03,1,"Joven (0-17)","Chikungunya"
"NACIONAL_Joven (0-17)",2020,25,2020-06-17,1,"Joven (0-17)","Chikungunya"
"NACIONAL_Joven (0-17)",2020,26,2020-06-24,1,"Joven (0-17)","Chikungunya"
"NACIONAL_Joven (0-17)",2020,29,2020-07-15,2,"Joven (0-17)","Chikungunya"
"NACIONAL_Joven (0-17)",2020,31,2020-07-29,1,"Joven (0-17)","Chikungunya"
"NACIONAL_Joven (0-17)",2020,33,2020-08-12,1,"Joven (0-17)","Chikungunya"
"NACIONAL_Joven (0-17)",2020,36,2020-09-02,1,"Joven (0-17)","Chikungunya"
"NACIONAL_Joven (0-17)",2020,37,2020-09-09,1,"Joven (0-17)","Chikungunya"
"NACIONAL_Joven (0-17)",2020,39,2020-09-23,1,"Joven (0-17)","Chikungunya"
"NACIONAL_Joven (0-17)",2020,47,2020-11-18,1,"Joven (0-17)","Chikungunya"
"NACIONAL_Joven (0-17)",2020,48,2020-11-25,2,"Joven (0-17)","Chikungunya"
"NACIONAL_Joven (0-17)",2021,7,2021-02-12,1,"Joven (0-17)","Chikungunya"
"NACIONAL_Joven (0-17)",2021,9,2021-02-26,1,"Joven (0-17)","Chikungunya"
"NACIONAL_Joven (0-17)",2021,13,2021-03-26,1,"Joven (0-17)","Chikungunya"
"NACIONAL_Joven (0-17)",2021,17,2021-04-23,1,"Joven (0-17)","Chikungunya"
"NACIONAL_Joven (0-17)",2021,21,2021-05-21,1,"Joven (0-17)","Chikungunya"
"NACIONAL_Joven (0-17)",2021,23,2021-06-04,1,"Joven (0-17)","Chikungunya"
"NACIONAL_Joven (0-17)",2021,32,2021-08-06,1,"Joven (0-17)","Chikungunya"
"NACIONAL_Joven (0-17)",2021,35,2021-08-27,1,"Joven (0-17)","Chikungunya"
"NACIONAL_Joven (0-17)",2021,39,2021-09-24,1,"Joven (0-17)","Chikungunya"
"NACIONAL_Joven (0-17)",2021,46,2021-11-12,1,"Joven (0-17)","Chikungunya"
"NACIONAL_Joven (0-17)",2021,49,2021-12-03,1,"Joven (0-17)","Chikungunya"
"NACIONAL_Joven (0-17)",2021,51,2021-12-17,1,"Joven (0-17)","Chikungunya"
"NACIONAL_Joven (0-17)",2022,2,2022-01-08,1,"Joven (0-17)","Chikungunya"
"NACIONAL_Joven (0-17)",2022,6,2022-02-05,1,"Joven (0-17)","Chikungunya"
"NACIONAL_Joven (0-17)",2022,9,2022-02-26,1,"Joven (0-17)","Chikungunya"
"NACIONAL_Joven (0-17)",2022,12,2022-03-19,2,"Joven (0-17)","Chikungunya"
"NACIONAL_Joven (0-17)",2022,18,2022-04-30,1,"Joven (0-17)","Chikungunya"
"NACIONAL_Joven (0-17)",2022,19,2022-05-07,1,"Joven (0-17)","Chikungunya"
"NACIONAL_Joven (0-17)",2022,21,2022-05-21,1,"Joven (0-17)","Chikungunya"
"NACIONAL_Joven (0-17)",2022,28,2022-07-09,1,"Joven (0-17)","Chikungunya"
"NACIONAL_Joven (0-17)",2022,30,2022-07-23,1,"Joven (0-17)","Chikungunya"
"NACIONAL_Joven (0-17)",2022,31,2022-07-30,1,"Joven (0-17)","Chikungunya"
"NACIONAL_Joven (0-17)",2022,34,2022-08-20,1,"Joven (0-17)","Chikungunya"
"NACIONAL_Joven (0-17)",2022,35,2022-08-27,1,"Joven (0-17)","Chikungunya"
"NACIONAL_Joven (0-17)",2022,36,2022-09-03,1,"Joven (0-17)","Chikungunya"
"NACIONAL_Joven (0-17)",2022,37,2022-09-10,1,"Joven (0-17)","Chikungunya"
"NACIONAL_Joven (0-17)",2022,38,2022-09-17,3,"Joven (0-17)","Chikungunya"
"NACIONAL_Joven (0-17)",2022,39,2022-09-24,1,"Joven (0-17)","Chikungunya"
"NACIONAL_Joven (0-17)",2022,40,2022-10-01,4,"Joven (0-17)","Chikungunya"
"NACIONAL_Joven (0-17)",2022,43,2022-10-22,1,"Joven (0-17)","Chikungunya"
"NACIONAL_Joven (0-17)",2022,44,2022-10-29,1,"Joven (0-17)","Chikungunya"
"NACIONAL_Joven (0-17)",2022,47,2022-11-19,1,"Joven (0-17)","Chikungunya"
"NACIONAL_Joven (0-17)",2022,48,2022-11-26,1,"Joven (0-17)","Chikungunya"
"NACIONAL_Joven (0-17)",2022,51,2022-12-17,2,"Joven (0-17)","Chikungunya"
"NACIONAL_Joven (0-17)",2023,4,2023-01-22,1,"Joven (0-17)","Chikungunya"
"NACIONAL_Joven (0-17)",2023,9,2023-02-26,2,"Joven (0-17)","Chikungunya"
"NACIONAL_Joven (0-17)",2023,16,2023-04-16,1,"Joven (0-17)","Chikungunya"
"NACIONAL_Joven (0-17)",2023,18,2023-04-30,1,"Joven (0-17)","Chikungunya"
"NACIONAL_Joven (0-17)",2023,24,2023-06-11,1,"Joven (0-17)","Chikungunya"
"NACIONAL_Joven (0-17)",2023,26,2023-06-25,1,"Joven (0-17)","Chikungunya"
"NACIONAL_Joven (0-17)",2023,31,2023-07-30,1,"Joven (0-17)","Chikungunya"
"NACIONAL_Joven (0-17)",2023,37,2023-09-10,1,"Joven (0-17)","Chikungunya"
"NACIONAL_Joven (0-17)",2023,38,2023-09-17,1,"Joven (0-17)","Chikungunya"
"NACIONAL_Joven (0-17)",2023,43,2023-10-22,1,"Joven (0-17)","Chikungunya"
"NACIONAL_Joven (0-17)",2023,44,2023-10-29,2,"Joven (0-17)","Chikungunya"
"NACIONAL_Joven (0-17)",2024,8,2024-02-19,1,"Joven (0-17)","Chikungunya"
"NACIONAL_Joven (0-17)",2024,11,2024-03-11,1,"Joven (0-17)","Chikungunya"
"NACIONAL_Joven (0-17)",2024,16,2024-04-15,1,"Joven (0-17)","Chikungunya"
"NACIONAL_Joven (0-17)",2024,17,2024-04-22,1,"Joven (0-17)","Chikungunya"
"NACIONAL_Joven (0-17)",2024,26,2024-06-24,2,"Joven (0-17)","Chikungunya"
"NACIONAL_Joven (0-17)",2024,41,2024-10-07,1,"Joven (0-17)","Chikungunya"
"NACIONAL_Joven (0-17)",2024,44,2024-10-28,1,"Joven (0-17)","Chikungunya"
"NACIONAL_Joven (0-17)",2024,49,2024-12-02,1,"Joven (0-17)","Chikungunya"
"NACIONAL_Joven (0-17)",2025,46,2025-11-12,1,"Joven (0-17)","Chikungunya"
